<?xml version = '1.0' encoding = 'UTF-8'?>
<Entity class="oracle.dbtools.crest.model.design.logical.Entity" directorySegmentName="seg_0" id="33A0B234-70E8-0CC4-AD0C-D1A0463CD684" name="Posetilac">
<createdBy>Marko</createdBy>
<createdTime>2024-01-15 16:57:24 UTC</createdTime>
<ownerDesignName>ERModel</ownerDesignName>
<engineerTo>
<item key="7BB7321E-0154-5634-A2CF-B38E26CEC921" value="true"/>
</engineerTo>
<adequatelyNormalized>NO</adequatelyNormalized>
<expectedVolumes>0</expectedVolumes>
<fwdEngineeringStrategyName>Single Table</fwdEngineeringStrategyName>
<growthPercent>0</growthPercent>
<growthType>Year</growthType>
<maxVolumes>9999999</maxVolumes>
<minVolumes>0</minVolumes>
<normalForm>Third</normalForm>
<attributes itemClass="oracle.dbtools.crest.model.design.logical.Attribute">
<Attribute name="IdP" id="86369A2D-E6ED-338D-3289-DF97AAB0AAC8">
<createdBy>Marko</createdBy>
<createdTime>2024-01-15 16:57:30 UTC</createdTime>
<ownerDesignName>ERModel</ownerDesignName>
<engineerTo>
<item key="7BB7321E-0154-5634-A2CF-B38E26CEC921" value="true"/>
</engineerTo>
<useDomainConstraints>false</useDomainConstraints>
<use>1</use>
<logicalDatatype>LOGDT011</logicalDatatype>
<ownDataTypeParameters>,,</ownDataTypeParameters>
</Attribute>
<Attribute name="ImeP" id="0A9A9881-3E90-BBE3-055B-C70A3FB639C7">
<createdBy>Marko</createdBy>
<createdTime>2024-01-15 16:57:47 UTC</createdTime>
<ownerDesignName>ERModel</ownerDesignName>
<engineerTo>
<item key="7BB7321E-0154-5634-A2CF-B38E26CEC921" value="true"/>
</engineerTo>
<useDomainConstraints>false</useDomainConstraints>
<use>1</use>
<logicalDatatype>LOGDT024</logicalDatatype>
<dataTypeSize>30 CHAR</dataTypeSize>
<ownDataTypeParameters>30 CHAR,,</ownDataTypeParameters>
</Attribute>
<Attribute name="SifraP" id="B96D0AA1-9043-5848-CBBA-3360DDC4B202">
<createdBy>Marko</createdBy>
<createdTime>2024-01-15 16:58:15 UTC</createdTime>
<ownerDesignName>ERModel</ownerDesignName>
<engineerTo>
<item key="7BB7321E-0154-5634-A2CF-B38E26CEC921" value="true"/>
</engineerTo>
<useDomainConstraints>false</useDomainConstraints>
<use>1</use>
<logicalDatatype>LOGDT024</logicalDatatype>
<dataTypeSize>30 CHAR</dataTypeSize>
<ownDataTypeParameters>30 CHAR,,</ownDataTypeParameters>
</Attribute>
</attributes>
<identifiers itemClass="oracle.dbtools.crest.model.design.logical.CandidateKey">
<identifier id="80591DDF-63DB-586A-0327-08CC1175AFAB" name="Posetilac PK">
<createdBy>Marko</createdBy>
<createdTime>2024-01-15 16:57:45 UTC</createdTime>
<ownerDesignName>ERModel</ownerDesignName>
<engineerTo>
<item key="7BB7321E-0154-5634-A2CF-B38E26CEC921" value="true"/>
</engineerTo>
<pk>true</pk>
<usedAttributes>
<attributeRef>86369A2D-E6ED-338D-3289-DF97AAB0AAC8</attributeRef>
</usedAttributes>
</identifier>
</identifiers>
</Entity>