<?xml version = '1.0' encoding = 'UTF-8'?>
<Entity class="oracle.dbtools.crest.model.design.logical.Entity" directorySegmentName="seg_0" id="5058185B-EF51-E7DD-F9E1-6DEC6B8D5C34" name="Zanr">
<createdBy>Marko</createdBy>
<createdTime>2024-01-15 16:14:09 UTC</createdTime>
<ownerDesignName>ERModel</ownerDesignName>
<engineerTo>
<item key="7BB7321E-0154-5634-A2CF-B38E26CEC921" value="true"/>
</engineerTo>
<adequatelyNormalized>NO</adequatelyNormalized>
<expectedVolumes>0</expectedVolumes>
<fwdEngineeringStrategyName>Single Table</fwdEngineeringStrategyName>
<growthPercent>0</growthPercent>
<growthType>Year</growthType>
<maxVolumes>9999999</maxVolumes>
<minVolumes>0</minVolumes>
<normalForm>Third</normalForm>
<attributes itemClass="oracle.dbtools.crest.model.design.logical.Attribute">
<Attribute name="IdZanr" id="6218B01D-A51C-8CA1-7633-1F75EFE63480">
<createdBy>Marko</createdBy>
<createdTime>2024-01-15 16:14:42 UTC</createdTime>
<ownerDesignName>ERModel</ownerDesignName>
<engineerTo>
<item key="7BB7321E-0154-5634-A2CF-B38E26CEC921" value="true"/>
</engineerTo>
<useDomainConstraints>false</useDomainConstraints>
<use>1</use>
<logicalDatatype>LOGDT011</logicalDatatype>
<ownDataTypeParameters>,,</ownDataTypeParameters>
</Attribute>
<Attribute name="NazZanr" id="DD1C6985-F54C-F19D-8AEC-7541F800F248">
<createdBy>Marko</createdBy>
<createdTime>2024-01-15 16:15:46 UTC</createdTime>
<ownerDesignName>ERModel</ownerDesignName>
<engineerTo>
<item key="7BB7321E-0154-5634-A2CF-B38E26CEC921" value="true"/>
</engineerTo>
<useDomainConstraints>false</useDomainConstraints>
<use>1</use>
<logicalDatatype>LOGDT024</logicalDatatype>
<dataTypeSize>30 CHAR</dataTypeSize>
<ownDataTypeParameters>30 CHAR,,</ownDataTypeParameters>
</Attribute>
<Attribute name="OpisZanr" id="85393717-298B-7FB4-BB4A-230ABEA3726E">
<createdBy>Marko</createdBy>
<createdTime>2024-01-15 16:16:56 UTC</createdTime>
<ownerDesignName>ERModel</ownerDesignName>
<engineerTo>
<item key="7BB7321E-0154-5634-A2CF-B38E26CEC921" value="true"/>
</engineerTo>
<nullsAllowed>true</nullsAllowed>
<useDomainConstraints>false</useDomainConstraints>
<use>1</use>
<logicalDatatype>LOGDT040</logicalDatatype>
<ownDataTypeParameters>,,</ownDataTypeParameters>
</Attribute>
</attributes>
<identifiers itemClass="oracle.dbtools.crest.model.design.logical.CandidateKey">
<identifier id="4F69A174-F0E7-A974-47C9-28AAC8B50AB0" name="Zanr PK">
<createdBy>Marko</createdBy>
<createdTime>2024-01-15 16:15:35 UTC</createdTime>
<ownerDesignName>ERModel</ownerDesignName>
<engineerTo>
<item key="7BB7321E-0154-5634-A2CF-B38E26CEC921" value="true"/>
</engineerTo>
<pk>true</pk>
<usedAttributes>
<attributeRef>6218B01D-A51C-8CA1-7633-1F75EFE63480</attributeRef>
</usedAttributes>
</identifier>
</identifiers>
</Entity>