<?xml version = '1.0' encoding = 'UTF-8'?>
<Entity class="oracle.dbtools.crest.model.design.logical.Entity" directorySegmentName="seg_0" id="5C658202-87FC-504E-2421-D12DAC60ECB9" name="Projektor">
<createdBy>Marko</createdBy>
<createdTime>2024-01-15 17:01:10 UTC</createdTime>
<ownerDesignName>ERModel</ownerDesignName>
<engineerTo>
<item key="7BB7321E-0154-5634-A2CF-B38E26CEC921" value="true"/>
</engineerTo>
<adequatelyNormalized>NO</adequatelyNormalized>
<expectedVolumes>0</expectedVolumes>
<fwdEngineeringStrategyName>Single Table</fwdEngineeringStrategyName>
<growthPercent>0</growthPercent>
<growthType>Year</growthType>
<maxVolumes>9999999</maxVolumes>
<minVolumes>0</minVolumes>
<normalForm>Third</normalForm>
<attributes itemClass="oracle.dbtools.crest.model.design.logical.Attribute">
<Attribute name="IdProj" id="DD0B7EEE-D355-0674-57CF-0D7BE7DBD80D">
<createdBy>Marko</createdBy>
<createdTime>2024-01-15 17:01:21 UTC</createdTime>
<ownerDesignName>ERModel</ownerDesignName>
<engineerTo>
<item key="7BB7321E-0154-5634-A2CF-B38E26CEC921" value="true"/>
</engineerTo>
<useDomainConstraints>false</useDomainConstraints>
<use>1</use>
<logicalDatatype>LOGDT011</logicalDatatype>
<ownDataTypeParameters>,,</ownDataTypeParameters>
</Attribute>
<Attribute name="RezProj" id="51858D2B-A257-A44F-EAD8-247A4CC6F3F3">
<createdBy>Marko</createdBy>
<createdTime>2024-01-15 17:01:36 UTC</createdTime>
<ownerDesignName>ERModel</ownerDesignName>
<engineerTo>
<item key="7BB7321E-0154-5634-A2CF-B38E26CEC921" value="true"/>
</engineerTo>
<nullsAllowed>true</nullsAllowed>
<useDomainConstraints>false</useDomainConstraints>
<use>1</use>
<logicalDatatype>LOGDT021</logicalDatatype>
<ownDataTypeParameters>,,</ownDataTypeParameters>
</Attribute>
<Attribute name="TipSocProj" id="A94A0EC8-DA91-1CB8-F959-FA95050421FA">
<createdBy>Marko</createdBy>
<createdTime>2024-01-15 17:03:41 UTC</createdTime>
<ownerDesignName>ERModel</ownerDesignName>
<engineerTo>
<item key="7BB7321E-0154-5634-A2CF-B38E26CEC921" value="true"/>
</engineerTo>
<nullsAllowed>true</nullsAllowed>
<useDomainConstraints>false</useDomainConstraints>
<use>1</use>
<logicalDatatype>LOGDT011</logicalDatatype>
<ownDataTypeParameters>,,</ownDataTypeParameters>
</Attribute>
<Attribute name="IdS" id="4B8DC665-02A5-D9FE-A254-786D8CB774A9">
<createdBy>Marko</createdBy>
<createdTime>2024-01-15 17:04:42 UTC</createdTime>
<generatorID>085F10D6-D5C2-5E94-8315-62C2BFADF1DB</generatorID>
<ownerDesignName>ERModel</ownerDesignName>
<engineerTo>
<item key="7BB7321E-0154-5634-A2CF-B38E26CEC921" value="true"/>
</engineerTo>
<nullsAllowed>true</nullsAllowed>
<referedAttribute>875F1457-009E-CD98-3E6F-5CA056C38992</referedAttribute>
<useDomainConstraints>false</useDomainConstraints>
<use>1</use>
<logicalDatatype>LOGDT011</logicalDatatype>
<ownDataTypeParameters>,,</ownDataTypeParameters>
</Attribute>
</attributes>
<identifiers itemClass="oracle.dbtools.crest.model.design.logical.CandidateKey">
<identifier id="0669A957-1945-C1C3-D339-F33CF51B83B4" name="Projektor PK">
<createdBy>Marko</createdBy>
<createdTime>2024-01-15 17:01:35 UTC</createdTime>
<ownerDesignName>ERModel</ownerDesignName>
<engineerTo>
<item key="7BB7321E-0154-5634-A2CF-B38E26CEC921" value="true"/>
</engineerTo>
<pk>true</pk>
<usedAttributes>
<attributeRef>DD0B7EEE-D355-0674-57CF-0D7BE7DBD80D</attributeRef>
</usedAttributes>
</identifier>
</identifiers>
</Entity>