<?xml version = '1.0' encoding = 'UTF-8'?>
<Entity class="oracle.dbtools.crest.model.design.logical.Entity" directorySegmentName="seg_0" id="CD5C36D2-D6B3-6850-1079-141BD529B653" name="Licencira">
<createdBy>Marko</createdBy>
<createdTime>2024-01-15 16:35:11 UTC</createdTime>
<ownerDesignName>ERModel</ownerDesignName>
<engineerTo>
<item key="7BB7321E-0154-5634-A2CF-B38E26CEC921" value="true"/>
</engineerTo>
<adequatelyNormalized>NO</adequatelyNormalized>
<expectedVolumes>0</expectedVolumes>
<fwdEngineeringStrategyName>Single Table</fwdEngineeringStrategyName>
<growthPercent>0</growthPercent>
<growthType>Year</growthType>
<maxVolumes>9999999</maxVolumes>
<minVolumes>0</minVolumes>
<normalForm>Third</normalForm>
<attributes itemClass="oracle.dbtools.crest.model.design.logical.Attribute">
<Attribute name="IdF" id="7A75D419-3F0D-C6D9-319C-9B2EDB93C27B">
<createdBy>Marko</createdBy>
<createdTime>2024-01-15 16:35:55 UTC</createdTime>
<generatorID>34679D07-A62E-148D-4916-C0A8FA0018C1</generatorID>
<ownerDesignName>ERModel</ownerDesignName>
<engineerTo>
<item key="7BB7321E-0154-5634-A2CF-B38E26CEC921" value="true"/>
</engineerTo>
<referedAttribute>EF47620F-B1E6-F9FD-DFCD-BDADC37CB2A5</referedAttribute>
<useDomainConstraints>false</useDomainConstraints>
<use>1</use>
<logicalDatatype>LOGDT011</logicalDatatype>
<ownDataTypeParameters>,,</ownDataTypeParameters>
</Attribute>
<Attribute name="IdLic" id="057637E9-80CD-A0C2-D5CA-E977E046146A">
<createdBy>Marko</createdBy>
<createdTime>2024-01-15 16:38:06 UTC</createdTime>
<generatorID>5D18DDB6-BC51-377E-8D30-9DB57BDB84EE</generatorID>
<ownerDesignName>ERModel</ownerDesignName>
<engineerTo>
<item key="7BB7321E-0154-5634-A2CF-B38E26CEC921" value="true"/>
</engineerTo>
<referedAttribute>E41868CD-A712-B4A0-91EB-6054A275645A</referedAttribute>
<useDomainConstraints>false</useDomainConstraints>
<use>1</use>
<logicalDatatype>LOGDT011</logicalDatatype>
<ownDataTypeParameters>,,</ownDataTypeParameters>
</Attribute>
</attributes>
<identifiers itemClass="oracle.dbtools.crest.model.design.logical.CandidateKey">
<identifier id="87B2549D-1BBF-4A16-823D-D3F5D74C47D9" name="Licencira PK">
<createdBy>Marko</createdBy>
<createdTime>2024-01-15 16:35:55 UTC</createdTime>
<ownerDesignName>ERModel</ownerDesignName>
<engineerTo>
<item key="7BB7321E-0154-5634-A2CF-B38E26CEC921" value="true"/>
</engineerTo>
<pk>true</pk>
<usedAttributes>
<attributeRef>7A75D419-3F0D-C6D9-319C-9B2EDB93C27B</attributeRef>
<attributeRef>057637E9-80CD-A0C2-D5CA-E977E046146A</attributeRef>
</usedAttributes>
</identifier>
</identifiers>
</Entity>