<?xml version = '1.0' encoding = 'UTF-8'?>
<InheritanceRelation class="oracle.dbtools.crest.model.design.logical.InheritanceRelation" name="Hierarchy_2" directorySegmentName="seg_0" id="4C517979-05B7-0C3C-396D-93F37A13B41F">
<createdBy>Veljko</createdBy>
<createdTime>2024-01-02 16:09:19 UTC</createdTime>
<ownerDesignName>music_manager</ownerDesignName>
<engineerTo>
<item key="2DAD3C3A-74FF-B79F-244B-3C402CCA9266" value="true"/>
</engineerTo>
<identifying>false</identifying>
<nameOnSource>Super Type</nameOnSource>
<nameOnTarget>Sub Type</nameOnTarget>
<optionalSource>true</optionalSource>
<optionalTarget>true</optionalTarget>
<sourceEntity>DA4623B9-5A12-D35E-22AB-04D484EA7949</sourceEntity>
<targetEntity>BA1BD491-FC35-41A0-5A41-6E085A544772</targetEntity>
<transferable>true</transferable>
<deleteRule>NO ACTION</deleteRule>
</InheritanceRelation>