<?xml version = '1.0' encoding = 'UTF-8'?>
<FKIndexAssociation class="oracle.dbtools.crest.model.design.relational.FKIndexAssociation" directorySegmentName="seg_0" id="45199D62-4063-C3FF-2F93-51B7FF8CF4A7" containerWithKeyObject="8222E5A9-F24B-D698-4D00-8E71BB1A8209" localFKIndex="6493DD14-45B2-1CBC-4CD7-2A58A373F610" name="Online_svirka_Svirka_FK">
<createdBy>Veljko</createdBy>
<createdTime>2024-01-15 16:16:55 UTC</createdTime>
<generatorID>2A3942D6-BBFC-8D5C-0199-BC4C1E976589</generatorID>
<ownerDesignName>projekat2</ownerDesignName>
<referredTableLongName>Svirka</referredTableLongName>
<arc>8AA504FC-7335-80F5-FFD9-9D82029412AB</arc>
<deleteRule>NO ACTION</deleteRule>
<referredTableID>FEB89294-C67C-EE91-7DD6-F133571AA3FB</referredTableID>
<keyObject>02CE72D0-56C1-73DC-9F9B-2C8E07C73D39</keyObject>
<referredKeyID>02CE72D0-56C1-73DC-9F9B-2C8E07C73D39</referredKeyID>
<mandatory>true</mandatory>
<refColNames>IdS</refColNames>
<transferable>true</transferable>
<rely>false</rely>
<discriminatorValue>online</discriminatorValue>
<columnDependencyConstraintGenerateInDDL>true</columnDependencyConstraintGenerateInDDL>
</FKIndexAssociation>