<?xml version = '1.0' encoding = 'UTF-8'?>
<FKIndexAssociation class="oracle.dbtools.crest.model.design.relational.FKIndexAssociation" directorySegmentName="seg_0" id="72B9B6D7-0FD4-0F1E-3393-2455434337D8" containerWithKeyObject="A24985E2-F410-6DCC-02BC-5E642A8D6D99" localFKIndex="5D3A6683-FC05-D9CB-249C-04AE5D17DBF9" name="Adresa_Drzava_FK">
<createdBy>Veljko</createdBy>
<createdTime>2024-01-15 16:16:55 UTC</createdTime>
<generatorID>7EA9946D-1292-165F-8AC7-B27C55EB9CE3</generatorID>
<ownerDesignName>projekat2</ownerDesignName>
<referredTableLongName>Drzava</referredTableLongName>
<deleteRule>NO ACTION</deleteRule>
<referredTableID>5C9A3942-FF07-C5F0-B4A9-E967DF52FFE3</referredTableID>
<keyObject>47CD4F68-8B06-43CB-5E75-73D7BABA4CEE</keyObject>
<referredKeyID>47CD4F68-8B06-43CB-5E75-73D7BABA4CEE</referredKeyID>
<mandatory>true</mandatory>
<refColNames>IdD</refColNames>
<transferable>true</transferable>
<rely>false</rely>
<columnDependencyConstraintGenerateInDDL>true</columnDependencyConstraintGenerateInDDL>
</FKIndexAssociation>