<?xml version = '1.0' encoding = 'UTF-8'?>
<FKIndexAssociation class="oracle.dbtools.crest.model.design.relational.FKIndexAssociation" directorySegmentName="seg_0" id="9DC8D93B-338E-0291-4C3D-460CC3E73DF2" containerWithKeyObject="6FC85333-D6B7-F378-0CC8-E2C788131FB4" localFKIndex="88665B4B-4B27-36D7-7D02-D8BBE3B1E19E" name="Lokal_Adresa_FK">
<createdBy>Veljko</createdBy>
<createdTime>2024-01-15 16:16:55 UTC</createdTime>
<generatorID>33A02A16-F4FD-A9A2-7FEE-159AF31F169D</generatorID>
<ownerDesignName>projekat2</ownerDesignName>
<referredTableLongName>Adresa</referredTableLongName>
<deleteRule>NO ACTION</deleteRule>
<referredTableID>A24985E2-F410-6DCC-02BC-5E642A8D6D99</referredTableID>
<keyObject>FADE3AEA-584D-7F2C-1B18-484924F9D880</keyObject>
<referredKeyID>FADE3AEA-584D-7F2C-1B18-484924F9D880</referredKeyID>
<mandatory>true</mandatory>
<refColNames>IdA,IdD</refColNames>
<transferable>true</transferable>
<rely>false</rely>
<columnDependencyConstraintGenerateInDDL>true</columnDependencyConstraintGenerateInDDL>
</FKIndexAssociation>