<?xml version = '1.0' encoding = 'UTF-8'?>
<FKIndexAssociation class="oracle.dbtools.crest.model.design.relational.FKIndexAssociation" directorySegmentName="seg_0" id="0E26E407-3182-B5AF-7BAE-6EEEC8CDA1EB" containerWithKeyObject="0C1163FF-0230-57DF-5051-D8769F1628B5" localFKIndex="03CFC6B4-E4F6-64A3-0A74-2BC3C0F39AE1" name="Odrzava_TehnickoOsoblje_FK">
<createdBy>Marko</createdBy>
<createdTime>2024-01-15 17:21:19 UTC</createdTime>
<generatorID>AEC1D686-6F2E-4913-A6D0-CD03C6B2EB3B</generatorID>
<ownerDesignName>DataModel</ownerDesignName>
<referredTableLongName>TehnickoOsoblje</referredTableLongName>
<deleteRule>NO ACTION</deleteRule>
<referredTableID>45220AAD-CDED-D8DA-AD05-85A06DA438B5</referredTableID>
<keyObject>B2A058E5-658B-8EB6-8F1B-DB22A7B21395</keyObject>
<referredKeyID>B2A058E5-658B-8EB6-8F1B-DB22A7B21395</referredKeyID>
<mandatory>true</mandatory>
<refColNames>IdZap</refColNames>
<transferable>true</transferable>
<rely>false</rely>
<columnDependencyConstraintGenerateInDDL>true</columnDependencyConstraintGenerateInDDL>
</FKIndexAssociation>