<?xml version = '1.0' encoding = 'UTF-8'?>
<Entity class="oracle.dbtools.crest.model.design.logical.Entity" directorySegmentName="seg_0" id="1CF293F9-F127-A58A-C995-7449E5CBFC2E" name="Adresa">
<createdBy>Veljko</createdBy>
<createdTime>2024-01-02 15:40:05 UTC</createdTime>
<ownerDesignName>projekat2</ownerDesignName>
<engineerTo>
<item key="2DAD3C3A-74FF-B79F-244B-3C402CCA9266" value="true"/>
</engineerTo>
<adequatelyNormalized>NO</adequatelyNormalized>
<expectedVolumes>0</expectedVolumes>
<fwdEngineeringStrategyName>Single Table</fwdEngineeringStrategyName>
<growthPercent>0</growthPercent>
<growthType>Year</growthType>
<maxVolumes>9999999</maxVolumes>
<minVolumes>0</minVolumes>
<normalForm>Third</normalForm>
<attributes itemClass="oracle.dbtools.crest.model.design.logical.Attribute">
<Attribute name="IdA" id="12A20DC2-3215-62F5-B73E-1D1D8418FC94">
<createdBy>Veljko</createdBy>
<createdTime>2024-01-02 15:40:09 UTC</createdTime>
<ownerDesignName>projekat2</ownerDesignName>
<engineerTo>
<item key="2DAD3C3A-74FF-B79F-244B-3C402CCA9266" value="true"/>
</engineerTo>
<useDomainConstraints>false</useDomainConstraints>
<use>1</use>
<logicalDatatype>LOGDT011</logicalDatatype>
<ownDataTypeParameters>,,</ownDataTypeParameters>
</Attribute>
<Attribute name="GradA" id="C04A2B0A-0485-5FF1-FB06-C55D0041FB7D">
<createdBy>Veljko</createdBy>
<createdTime>2024-01-02 15:40:40 UTC</createdTime>
<ownerDesignName>projekat2</ownerDesignName>
<engineerTo>
<item key="2DAD3C3A-74FF-B79F-244B-3C402CCA9266" value="true"/>
</engineerTo>
<useDomainConstraints>false</useDomainConstraints>
<use>1</use>
<logicalDatatype>LOGDT024</logicalDatatype>
<dataTypeSize>30 CHAR</dataTypeSize>
<ownDataTypeParameters>30 CHAR,,</ownDataTypeParameters>
</Attribute>
<Attribute name="UlicaA" id="87B82A92-B3E3-9DA8-633B-3497E8D9B808">
<createdBy>Veljko</createdBy>
<createdTime>2024-01-02 15:40:57 UTC</createdTime>
<ownerDesignName>projekat2</ownerDesignName>
<engineerTo>
<item key="2DAD3C3A-74FF-B79F-244B-3C402CCA9266" value="true"/>
</engineerTo>
<useDomainConstraints>false</useDomainConstraints>
<use>1</use>
<logicalDatatype>LOGDT024</logicalDatatype>
<dataTypeSize>30 CHAR</dataTypeSize>
<ownDataTypeParameters>30 CHAR,,</ownDataTypeParameters>
</Attribute>
<Attribute name="BrojA" id="8BFD6B3E-483B-53E7-2AED-644B9E889310">
<createdBy>Veljko</createdBy>
<createdTime>2024-01-02 15:41:21 UTC</createdTime>
<ownerDesignName>projekat2</ownerDesignName>
<engineerTo>
<item key="2DAD3C3A-74FF-B79F-244B-3C402CCA9266" value="true"/>
</engineerTo>
<useDomainConstraints>false</useDomainConstraints>
<use>1</use>
<logicalDatatype>LOGDT024</logicalDatatype>
<dataTypeSize>5 CHAR</dataTypeSize>
<ownDataTypeParameters>5 CHAR,,</ownDataTypeParameters>
</Attribute>
<Attribute name="IdD" id="CB2A8992-12D7-C648-58EF-B35AAEB349E5">
<createdBy>Veljko</createdBy>
<createdTime>2024-01-03 15:46:33 UTC</createdTime>
<generatorID>7EA9946D-1292-165F-8AC7-B27C55EB9CE3</generatorID>
<ownerDesignName>projekat2</ownerDesignName>
<engineerTo>
<item key="2DAD3C3A-74FF-B79F-244B-3C402CCA9266" value="true"/>
</engineerTo>
<referedAttribute>33B8553A-1F5E-8BC4-F0C3-AB73C337C3F7</referedAttribute>
<useDomainConstraints>false</useDomainConstraints>
<use>1</use>
<logicalDatatype>LOGDT011</logicalDatatype>
<ownDataTypeParameters>,,</ownDataTypeParameters>
</Attribute>
</attributes>
<identifiers itemClass="oracle.dbtools.crest.model.design.logical.CandidateKey">
<identifier id="5493198B-8ACD-07F2-269C-91664B115E76" name="Adresa PK">
<createdBy>Veljko</createdBy>
<createdTime>2024-01-02 15:40:22 UTC</createdTime>
<ownerDesignName>projekat2</ownerDesignName>
<engineerTo>
<item key="2DAD3C3A-74FF-B79F-244B-3C402CCA9266" value="true"/>
</engineerTo>
<pk>true</pk>
<usedAttributes>
<attributeRef>12A20DC2-3215-62F5-B73E-1D1D8418FC94</attributeRef>
<attributeRef>CB2A8992-12D7-C648-58EF-B35AAEB349E5</attributeRef>
</usedAttributes>
</identifier>
</identifiers>
</Entity>