<?xml version = '1.0' encoding = 'UTF-8'?>
<Entity class="oracle.dbtools.crest.model.design.logical.Entity" directorySegmentName="seg_0" id="495C6EAC-E596-E73E-E9CC-6E1DF5AA347B" name="Izvodjac">
<createdBy>Veljko</createdBy>
<createdTime>2024-01-02 14:55:06 UTC</createdTime>
<ownerDesignName>projekat2</ownerDesignName>
<engineerTo>
<item key="2DAD3C3A-74FF-B79F-244B-3C402CCA9266" value="true"/>
</engineerTo>
<adequatelyNormalized>NO</adequatelyNormalized>
<expectedVolumes>0</expectedVolumes>
<fwdEngineeringStrategyName>Single Table</fwdEngineeringStrategyName>
<growthPercent>0</growthPercent>
<growthType>Year</growthType>
<maxVolumes>9999999</maxVolumes>
<minVolumes>0</minVolumes>
<normalForm>Third</normalForm>
<attributes itemClass="oracle.dbtools.crest.model.design.logical.Attribute">
<Attribute name="IdIz" id="B48F5C24-AC1F-0E2C-6CAD-51A3D51A3D8C">
<createdBy>Veljko</createdBy>
<createdTime>2024-01-02 14:55:18 UTC</createdTime>
<ownerDesignName>projekat2</ownerDesignName>
<engineerTo>
<item key="2DAD3C3A-74FF-B79F-244B-3C402CCA9266" value="true"/>
</engineerTo>
<useDomainConstraints>false</useDomainConstraints>
<use>1</use>
<logicalDatatype>LOGDT011</logicalDatatype>
<ownDataTypeParameters>,,</ownDataTypeParameters>
</Attribute>
<Attribute name="NazIz" id="AD30A7D5-B8BE-08D7-2317-6572BB80D463">
<createdBy>Veljko</createdBy>
<createdTime>2024-01-02 14:55:34 UTC</createdTime>
<ownerDesignName>projekat2</ownerDesignName>
<engineerTo>
<item key="2DAD3C3A-74FF-B79F-244B-3C402CCA9266" value="true"/>
</engineerTo>
<useDomainConstraints>false</useDomainConstraints>
<use>1</use>
<logicalDatatype>LOGDT024</logicalDatatype>
<dataTypeSize>50 CHAR</dataTypeSize>
<ownDataTypeParameters>50 CHAR,,</ownDataTypeParameters>
</Attribute>
<Attribute name="IdD" id="E07D487B-CBBB-5148-2F5D-34A694736CFF">
<createdBy>Veljko</createdBy>
<createdTime>2024-01-02 15:06:20 UTC</createdTime>
<generatorID>F9EB3968-6A94-AD24-2D4C-FA0E80CC76AA</generatorID>
<ownerDesignName>projekat2</ownerDesignName>
<engineerTo>
<item key="2DAD3C3A-74FF-B79F-244B-3C402CCA9266" value="true"/>
</engineerTo>
<referedAttribute>33B8553A-1F5E-8BC4-F0C3-AB73C337C3F7</referedAttribute>
<useDomainConstraints>false</useDomainConstraints>
<use>1</use>
<logicalDatatype>LOGDT011</logicalDatatype>
<ownDataTypeParameters>,,</ownDataTypeParameters>
</Attribute>
</attributes>
<identifiers itemClass="oracle.dbtools.crest.model.design.logical.CandidateKey">
<identifier id="D9ACFF95-E11F-47BA-F32A-6245A090C7F2" name="Izvodjac PK">
<createdBy>Veljko</createdBy>
<createdTime>2024-01-02 14:55:30 UTC</createdTime>
<ownerDesignName>projekat2</ownerDesignName>
<engineerTo>
<item key="2DAD3C3A-74FF-B79F-244B-3C402CCA9266" value="true"/>
</engineerTo>
<pk>true</pk>
<usedAttributes>
<attributeRef>B48F5C24-AC1F-0E2C-6CAD-51A3D51A3D8C</attributeRef>
</usedAttributes>
</identifier>
</identifiers>
</Entity>