<?xml version = '1.0' encoding = 'UTF-8'?>
<Entity class="oracle.dbtools.crest.model.design.logical.Entity" directorySegmentName="seg_0" id="4B63F9B6-1192-C443-F166-DFA271097EBA" name="Prisustvuje">
<createdBy>Veljko</createdBy>
<createdTime>2024-01-02 16:18:23 UTC</createdTime>
<ownerDesignName>projekat2</ownerDesignName>
<engineerTo>
<item key="2DAD3C3A-74FF-B79F-244B-3C402CCA9266" value="true"/>
</engineerTo>
<adequatelyNormalized>NO</adequatelyNormalized>
<expectedVolumes>0</expectedVolumes>
<fwdEngineeringStrategyName>Single Table</fwdEngineeringStrategyName>
<growthPercent>0</growthPercent>
<growthType>Year</growthType>
<maxVolumes>9999999</maxVolumes>
<minVolumes>0</minVolumes>
<normalForm>Third</normalForm>
<attributes itemClass="oracle.dbtools.crest.model.design.logical.Attribute">
<Attribute name="IdG" id="505C588A-1ECF-6FA3-9C18-4C550E3D0F61">
<createdBy>Veljko</createdBy>
<createdTime>2024-01-02 16:19:28 UTC</createdTime>
<generatorID>E9799932-75F1-C12E-25AE-EAFC4F624B4E</generatorID>
<ownerDesignName>projekat2</ownerDesignName>
<engineerTo>
<item key="2DAD3C3A-74FF-B79F-244B-3C402CCA9266" value="true"/>
</engineerTo>
<referedAttribute>999CEB39-3EB1-4A92-1821-14ED0726494C</referedAttribute>
<useDomainConstraints>false</useDomainConstraints>
<use>1</use>
<logicalDatatype>LOGDT011</logicalDatatype>
<ownDataTypeParameters>,,</ownDataTypeParameters>
</Attribute>
<Attribute name="IdS" id="4FBCBE01-8F8A-055E-EB1B-3B5A469DAFCB">
<createdBy>Veljko</createdBy>
<createdTime>2024-01-02 16:19:57 UTC</createdTime>
<generatorID>CA04792D-4A0F-4152-1A4A-030E7DAA4BD4</generatorID>
<ownerDesignName>projekat2</ownerDesignName>
<engineerTo>
<item key="2DAD3C3A-74FF-B79F-244B-3C402CCA9266" value="true"/>
</engineerTo>
<referedAttribute>4E8A167A-6A72-C9FF-55D7-ACA0983199D8</referedAttribute>
<useDomainConstraints>false</useDomainConstraints>
<use>1</use>
<logicalDatatype>LOGDT011</logicalDatatype>
<ownDataTypeParameters>,,</ownDataTypeParameters>
</Attribute>
</attributes>
<identifiers itemClass="oracle.dbtools.crest.model.design.logical.CandidateKey">
<identifier id="388B6C07-037F-97EE-41B2-FBF26CA9E7B7" name="Prisustvovanje PK">
<createdBy>Veljko</createdBy>
<createdTime>2024-01-03 15:54:54 UTC</createdTime>
<ownerDesignName>projekat2</ownerDesignName>
<engineerTo>
<item key="2DAD3C3A-74FF-B79F-244B-3C402CCA9266" value="true"/>
</engineerTo>
<pk>true</pk>
<usedAttributes>
<attributeRef>505C588A-1ECF-6FA3-9C18-4C550E3D0F61</attributeRef>
<attributeRef>4FBCBE01-8F8A-055E-EB1B-3B5A469DAFCB</attributeRef>
</usedAttributes>
</identifier>
</identifiers>
</Entity>