<?xml version = '1.0' encoding = 'UTF-8'?>
<Entity class="oracle.dbtools.crest.model.design.logical.Entity" directorySegmentName="seg_0" id="A76ACE06-FAA4-42E1-A16C-930149245505" name="Narudzbina">
<createdBy>Veljko</createdBy>
<createdTime>2024-01-02 15:13:51 UTC</createdTime>
<ownerDesignName>projekat2</ownerDesignName>
<engineerTo>
<item key="2DAD3C3A-74FF-B79F-244B-3C402CCA9266" value="true"/>
</engineerTo>
<adequatelyNormalized>NO</adequatelyNormalized>
<expectedVolumes>0</expectedVolumes>
<fwdEngineeringStrategyName>Single Table</fwdEngineeringStrategyName>
<growthPercent>0</growthPercent>
<growthType>Year</growthType>
<maxVolumes>9999999</maxVolumes>
<minVolumes>0</minVolumes>
<normalForm>Third</normalForm>
<attributes itemClass="oracle.dbtools.crest.model.design.logical.Attribute">
<Attribute name="IdN" id="47726C37-8209-4C7D-0A92-20C84296E349">
<createdBy>Veljko</createdBy>
<createdTime>2024-01-02 15:13:59 UTC</createdTime>
<ownerDesignName>projekat2</ownerDesignName>
<engineerTo>
<item key="2DAD3C3A-74FF-B79F-244B-3C402CCA9266" value="true"/>
</engineerTo>
<useDomainConstraints>false</useDomainConstraints>
<use>1</use>
<logicalDatatype>LOGDT011</logicalDatatype>
<ownDataTypeParameters>,,</ownDataTypeParameters>
</Attribute>
<Attribute name="BaksisN" id="FDBD543C-A9A7-6BFA-F075-02CEF8B3039D">
<createdBy>Veljko</createdBy>
<createdTime>2024-01-02 15:14:09 UTC</createdTime>
<ownerDesignName>projekat2</ownerDesignName>
<engineerTo>
<item key="2DAD3C3A-74FF-B79F-244B-3C402CCA9266" value="true"/>
</engineerTo>
<nullsAllowed>true</nullsAllowed>
<useDomainConstraints>false</useDomainConstraints>
<use>1</use>
<logicalDatatype>LOGDT021</logicalDatatype>
<dataTypePrecision>12</dataTypePrecision>
<ownDataTypeParameters>,12,</ownDataTypeParameters>
</Attribute>
<Attribute name="IdP" id="2EDB6260-F83F-ADC4-79B1-7D66D23AD2E7">
<createdBy>Veljko</createdBy>
<createdTime>2024-01-02 15:37:20 UTC</createdTime>
<generatorID>6046C530-28BA-CABD-E9D9-E336AC1C6F5B</generatorID>
<ownerDesignName>projekat2</ownerDesignName>
<engineerTo>
<item key="2DAD3C3A-74FF-B79F-244B-3C402CCA9266" value="true"/>
</engineerTo>
<referedAttribute>B85756D5-114F-DF80-9509-A7A121E384C2</referedAttribute>
<useDomainConstraints>false</useDomainConstraints>
<use>1</use>
<logicalDatatype>LOGDT011</logicalDatatype>
<ownDataTypeParameters>,,</ownDataTypeParameters>
</Attribute>
<Attribute name="IdG" id="B43A5B20-8FB1-B80E-3D32-B43DF840908D">
<createdBy>Veljko</createdBy>
<createdTime>2024-01-03 16:19:01 UTC</createdTime>
<generatorID>1EBDFC81-2668-A7C0-EEAF-A394E4E62436</generatorID>
<ownerDesignName>projekat2</ownerDesignName>
<engineerTo>
<item key="2DAD3C3A-74FF-B79F-244B-3C402CCA9266" value="true"/>
</engineerTo>
<referedAttribute>505C588A-1ECF-6FA3-9C18-4C550E3D0F61</referedAttribute>
<useDomainConstraints>false</useDomainConstraints>
<use>1</use>
<logicalDatatype>LOGDT011</logicalDatatype>
<ownDataTypeParameters>,,</ownDataTypeParameters>
</Attribute>
<Attribute name="IdS" id="1B33F2EF-999A-4816-1A71-3F8E82A8F96C">
<createdBy>Veljko</createdBy>
<createdTime>2024-01-03 16:19:01 UTC</createdTime>
<generatorID>1EBDFC81-2668-A7C0-EEAF-A394E4E62436</generatorID>
<ownerDesignName>projekat2</ownerDesignName>
<engineerTo>
<item key="2DAD3C3A-74FF-B79F-244B-3C402CCA9266" value="true"/>
</engineerTo>
<referedAttribute>4FBCBE01-8F8A-055E-EB1B-3B5A469DAFCB</referedAttribute>
<useDomainConstraints>false</useDomainConstraints>
<use>1</use>
<logicalDatatype>LOGDT011</logicalDatatype>
<ownDataTypeParameters>,,</ownDataTypeParameters>
</Attribute>
</attributes>
<identifiers itemClass="oracle.dbtools.crest.model.design.logical.CandidateKey">
<identifier id="41D8364A-60EA-C6F9-EDA7-374761728994" name="Narudzbina PK">
<createdBy>Veljko</createdBy>
<createdTime>2024-01-02 15:14:02 UTC</createdTime>
<ownerDesignName>projekat2</ownerDesignName>
<engineerTo>
<item key="2DAD3C3A-74FF-B79F-244B-3C402CCA9266" value="true"/>
</engineerTo>
<pk>true</pk>
<usedAttributes>
<attributeRef>47726C37-8209-4C7D-0A92-20C84296E349</attributeRef>
</usedAttributes>
</identifier>
</identifiers>
</Entity>