<?xml version = '1.0' encoding = 'UTF-8'?>
<Entity class="oracle.dbtools.crest.model.design.logical.Entity" directorySegmentName="seg_0" id="BA1BD491-FC35-41A0-5A41-6E085A544772" name="Uzivo svirka">
<createdBy>Veljko</createdBy>
<createdTime>2024-01-02 16:09:03 UTC</createdTime>
<ownerDesignName>projekat2</ownerDesignName>
<engineerTo>
<item key="2DAD3C3A-74FF-B79F-244B-3C402CCA9266" value="true"/>
</engineerTo>
<adequatelyNormalized>NO</adequatelyNormalized>
<expectedVolumes>0</expectedVolumes>
<fwdEngineeringStrategyName>Single Table</fwdEngineeringStrategyName>
<growthPercent>0</growthPercent>
<growthType>Year</growthType>
<hierarchicalParent>DA4623B9-5A12-D35E-22AB-04D484EA7949</hierarchicalParent>
<maxVolumes>9999999</maxVolumes>
<minVolumes>0</minVolumes>
<normalForm>Third</normalForm>
<attributes itemClass="oracle.dbtools.crest.model.design.logical.Attribute">
<Attribute name="IdG" id="FBA1A1CB-6074-13BE-E90A-022462FD2ABF">
<createdBy>Veljko</createdBy>
<createdTime>2024-01-02 16:17:42 UTC</createdTime>
<generatorID>EE7D2CDA-E640-EBF6-F7E5-3924584E0C1D</generatorID>
<ownerDesignName>projekat2</ownerDesignName>
<engineerTo>
<item key="2DAD3C3A-74FF-B79F-244B-3C402CCA9266" value="true"/>
</engineerTo>
<referedAttribute>999CEB39-3EB1-4A92-1821-14ED0726494C</referedAttribute>
<useDomainConstraints>false</useDomainConstraints>
<use>1</use>
<logicalDatatype>LOGDT011</logicalDatatype>
<ownDataTypeParameters>,,</ownDataTypeParameters>
</Attribute>
<Attribute name="IdL" id="376A7830-12F9-7565-5E0B-4797A075483E">
<createdBy>Veljko</createdBy>
<createdTime>2024-01-04 21:52:54 UTC</createdTime>
<generatorID>A1A8D5F8-931A-EB0D-008C-B19D2246F4D5</generatorID>
<ownerDesignName>projekat2</ownerDesignName>
<engineerTo>
<item key="2DAD3C3A-74FF-B79F-244B-3C402CCA9266" value="true"/>
</engineerTo>
<referedAttribute>56E9E929-586A-026E-825D-D6FA56840370</referedAttribute>
<useDomainConstraints>false</useDomainConstraints>
<use>1</use>
<logicalDatatype>LOGDT011</logicalDatatype>
<ownDataTypeParameters>,,</ownDataTypeParameters>
</Attribute>
</attributes>
</Entity>