<?xml version = '1.0' encoding = 'UTF-8'?>
<Entity class="oracle.dbtools.crest.model.design.logical.Entity" directorySegmentName="seg_0" id="DA4623B9-5A12-D35E-22AB-04D484EA7949" name="Svirka">
<createdBy>Veljko</createdBy>
<createdTime>2024-01-02 15:52:44 UTC</createdTime>
<ownerDesignName>projekat2</ownerDesignName>
<engineerTo>
<item key="2DAD3C3A-74FF-B79F-244B-3C402CCA9266" value="true"/>
</engineerTo>
<adequatelyNormalized>NO</adequatelyNormalized>
<expectedVolumes>0</expectedVolumes>
<fwdEngineeringStrategyName>Single Table</fwdEngineeringStrategyName>
<growthPercent>0</growthPercent>
<growthType>Year</growthType>
<maxVolumes>9999999</maxVolumes>
<minVolumes>0</minVolumes>
<normalForm>Third</normalForm>
<generateDiscrimColumn>true</generateDiscrimColumn>
<discriminatorAttributeID>A4DD236E-AF9A-5C27-133B-E7162739ED49</discriminatorAttributeID>
<attributes itemClass="oracle.dbtools.crest.model.design.logical.Attribute">
<Attribute name="IdS" id="4E8A167A-6A72-C9FF-55D7-ACA0983199D8">
<createdBy>Veljko</createdBy>
<createdTime>2024-01-02 15:52:50 UTC</createdTime>
<ownerDesignName>projekat2</ownerDesignName>
<engineerTo>
<item key="2DAD3C3A-74FF-B79F-244B-3C402CCA9266" value="true"/>
</engineerTo>
<useDomainConstraints>false</useDomainConstraints>
<use>1</use>
<logicalDatatype>LOGDT011</logicalDatatype>
<ownDataTypeParameters>,,</ownDataTypeParameters>
</Attribute>
<Attribute name="DatVrePocS" id="566C2418-B7B4-1851-B6D5-38EA4D7803E5">
<createdBy>Veljko</createdBy>
<createdTime>2024-01-02 15:53:03 UTC</createdTime>
<ownerDesignName>projekat2</ownerDesignName>
<engineerTo>
<item key="2DAD3C3A-74FF-B79F-244B-3C402CCA9266" value="true"/>
</engineerTo>
<useDomainConstraints>false</useDomainConstraints>
<use>1</use>
<logicalDatatype>LOGDT008</logicalDatatype>
<ownDataTypeParameters>,,</ownDataTypeParameters>
</Attribute>
<Attribute name="TrajanjeS" id="27A93B32-A0F6-D64E-A9CE-F47B1BA22B06">
<createdBy>Veljko</createdBy>
<createdTime>2024-01-02 15:53:19 UTC</createdTime>
<ownerDesignName>projekat2</ownerDesignName>
<engineerTo>
<item key="2DAD3C3A-74FF-B79F-244B-3C402CCA9266" value="true"/>
</engineerTo>
<useDomainConstraints>false</useDomainConstraints>
<use>1</use>
<logicalDatatype>LOGDT011</logicalDatatype>
<ownDataTypeParameters>,,</ownDataTypeParameters>
</Attribute>
<Attribute name="TipS" id="A4DD236E-AF9A-5C27-133B-E7162739ED49">
<createdBy>Veljko</createdBy>
<createdTime>2024-01-02 15:55:19 UTC</createdTime>
<ownerDesignName>projekat2</ownerDesignName>
<engineerTo>
<item key="2DAD3C3A-74FF-B79F-244B-3C402CCA9266" value="true"/>
</engineerTo>
<use>0</use>
<logicalDatatype>LOGDT024</logicalDatatype>
<domain>A289EAA2-4B3A-7742-4E54-D67DC6F43C57</domain>
<ownDataTypeParameters>,,</ownDataTypeParameters>
</Attribute>
</attributes>
<identifiers itemClass="oracle.dbtools.crest.model.design.logical.CandidateKey">
<identifier id="CAA6045C-5C55-8740-B8F6-C4AC5DAD3276" name="Svirka PK">
<createdBy>Veljko</createdBy>
<createdTime>2024-01-02 15:53:00 UTC</createdTime>
<ownerDesignName>projekat2</ownerDesignName>
<engineerTo>
<item key="2DAD3C3A-74FF-B79F-244B-3C402CCA9266" value="true"/>
</engineerTo>
<pk>true</pk>
<usedAttributes>
<attributeRef>4E8A167A-6A72-C9FF-55D7-ACA0983199D8</attributeRef>
</usedAttributes>
</identifier>
</identifiers>
</Entity>