<?xml version = '1.0' encoding = 'UTF-8'?>
<Entity class="oracle.dbtools.crest.model.design.logical.Entity" directorySegmentName="seg_0" id="E0573BB8-8A54-E894-9C0D-65332AF1FF47" name="Pesma">
<createdBy>Veljko</createdBy>
<createdTime>2024-01-02 15:07:33 UTC</createdTime>
<ownerDesignName>projekat2</ownerDesignName>
<engineerTo>
<item key="2DAD3C3A-74FF-B79F-244B-3C402CCA9266" value="true"/>
</engineerTo>
<adequatelyNormalized>NO</adequatelyNormalized>
<expectedVolumes>0</expectedVolumes>
<fwdEngineeringStrategyName>Single Table</fwdEngineeringStrategyName>
<growthPercent>0</growthPercent>
<growthType>Year</growthType>
<maxVolumes>9999999</maxVolumes>
<minVolumes>0</minVolumes>
<normalForm>Third</normalForm>
<attributes itemClass="oracle.dbtools.crest.model.design.logical.Attribute">
<Attribute name="IdP" id="B85756D5-114F-DF80-9509-A7A121E384C2">
<createdBy>Veljko</createdBy>
<createdTime>2024-01-02 15:07:44 UTC</createdTime>
<ownerDesignName>projekat2</ownerDesignName>
<engineerTo>
<item key="2DAD3C3A-74FF-B79F-244B-3C402CCA9266" value="true"/>
</engineerTo>
<useDomainConstraints>false</useDomainConstraints>
<use>1</use>
<logicalDatatype>LOGDT011</logicalDatatype>
<ownDataTypeParameters>,,</ownDataTypeParameters>
</Attribute>
<Attribute name="NazP" id="11372E9E-81E0-FE02-1A8A-37AD62649592">
<createdBy>Veljko</createdBy>
<createdTime>2024-01-02 15:07:58 UTC</createdTime>
<ownerDesignName>projekat2</ownerDesignName>
<engineerTo>
<item key="2DAD3C3A-74FF-B79F-244B-3C402CCA9266" value="true"/>
</engineerTo>
<useDomainConstraints>false</useDomainConstraints>
<use>1</use>
<logicalDatatype>LOGDT024</logicalDatatype>
<dataTypeSize>30 CHAR</dataTypeSize>
<ownDataTypeParameters>30 CHAR,,</ownDataTypeParameters>
</Attribute>
<Attribute name="TekstP" id="9B9122C4-2A93-A17D-9CEA-028D422C2BC9">
<createdBy>Veljko</createdBy>
<createdTime>2024-01-02 15:08:19 UTC</createdTime>
<ownerDesignName>projekat2</ownerDesignName>
<engineerTo>
<item key="2DAD3C3A-74FF-B79F-244B-3C402CCA9266" value="true"/>
</engineerTo>
<nullsAllowed>true</nullsAllowed>
<useDomainConstraints>false</useDomainConstraints>
<use>1</use>
<logicalDatatype>LOGDT024</logicalDatatype>
<dataTypeSize>3000 CHAR</dataTypeSize>
<ownDataTypeParameters>3000 CHAR,,</ownDataTypeParameters>
</Attribute>
</attributes>
<identifiers itemClass="oracle.dbtools.crest.model.design.logical.CandidateKey">
<identifier id="0CE5DC75-C512-0FF3-3510-3AD37E92ECF4" name="Pesma PK">
<createdBy>Veljko</createdBy>
<createdTime>2024-01-02 15:07:48 UTC</createdTime>
<ownerDesignName>projekat2</ownerDesignName>
<engineerTo>
<item key="2DAD3C3A-74FF-B79F-244B-3C402CCA9266" value="true"/>
</engineerTo>
<pk>true</pk>
<usedAttributes>
<attributeRef>B85756D5-114F-DF80-9509-A7A121E384C2</attributeRef>
</usedAttributes>
</identifier>
</identifiers>
</Entity>