<?xml version = '1.0' encoding = 'UTF-8'?>
<Table class="oracle.dbtools.crest.model.design.relational.Table" directorySegmentName="seg_0" id="0A8548F0-E002-5776-9C67-9E2696876960" name="Repertoar">
<createdBy>Veljko</createdBy>
<createdTime>2024-01-15 16:16:55 UTC</createdTime>
<generatorID>2FF8C5E6-4C7C-2BB7-169F-74399A82AD36</generatorID>
<ownerDesignName>projekat2</ownerDesignName>
<allowColumnReorder>false</allowColumnReorder>
<existDependencyGenerateInDDl>true</existDependencyGenerateInDDl>
<parsed>true</parsed>
<columns itemClass="oracle.dbtools.crest.model.design.relational.Column">
<Column name="IdR" id="E3D6749A-9831-2F8D-DF09-BFEEA12E0BEA">
<createdBy>Veljko</createdBy>
<createdTime>2024-01-15 16:16:55 UTC</createdTime>
<generatorID>BC26809B-F45F-92B8-F2D0-FB2A7FA9E847</generatorID>
<ownerDesignName>projekat2</ownerDesignName>
<useDomainConstraints>false</useDomainConstraints>
<use>1</use>
<logicalDatatype>LOGDT011</logicalDatatype>
<ownDataTypeParameters>,,</ownDataTypeParameters>
<autoIncrementCycle>false</autoIncrementCycle>
</Column>
<Column name="NazR" id="C91CED16-564B-66A2-E4AA-7B8913B51FF9">
<createdBy>Veljko</createdBy>
<createdTime>2024-01-15 16:16:55 UTC</createdTime>
<generatorID>78B5A934-EA14-16AE-3D6B-C675274576B0</generatorID>
<ownerDesignName>projekat2</ownerDesignName>
<useDomainConstraints>false</useDomainConstraints>
<use>1</use>
<logicalDatatype>LOGDT024</logicalDatatype>
<dataTypeSize>30 CHAR</dataTypeSize>
<ownDataTypeParameters>30 CHAR,,</ownDataTypeParameters>
<autoIncrementCycle>false</autoIncrementCycle>
</Column>
</columns>
<indexes itemClass="oracle.dbtools.crest.model.design.relational.Index">
<ind_PK_UK id="48BF07DE-7C75-07CE-8705-5226E28E668F" name="Repertoar_PK">
<createdBy>Veljko</createdBy>
<createdTime>2024-01-15 16:16:55 UTC</createdTime>
<generatorID>11570DE6-4742-8B11-113E-709EBA0A1A8F</generatorID>
<ownerDesignName>projekat2</ownerDesignName>
<pk>true</pk>
<indexState>Primary Constraint</indexState>
<isSurrogateKey>false</isSurrogateKey>
<indexColumnUsage>
<colUsage columnID="E3D6749A-9831-2F8D-DF09-BFEEA12E0BEA"/>
</indexColumnUsage>
</ind_PK_UK>
</indexes>
</Table>