<?xml version = '1.0' encoding = 'UTF-8'?>
<Table class="oracle.dbtools.crest.model.design.relational.Table" directorySegmentName="seg_0" id="5C9A3942-FF07-C5F0-B4A9-E967DF52FFE3" name="Drzava">
<createdBy>Veljko</createdBy>
<createdTime>2024-01-15 16:16:55 UTC</createdTime>
<generatorID>898C4746-7034-1ED7-5ACC-EBBDA1C2E8BF</generatorID>
<ownerDesignName>projekat2</ownerDesignName>
<allowColumnReorder>false</allowColumnReorder>
<existDependencyGenerateInDDl>true</existDependencyGenerateInDDl>
<parsed>true</parsed>
<columns itemClass="oracle.dbtools.crest.model.design.relational.Column">
<Column name="IdD" id="BF427F5A-9346-FDE5-EAEC-CB166AD08386">
<createdBy>Veljko</createdBy>
<createdTime>2024-01-15 16:16:55 UTC</createdTime>
<generatorID>33B8553A-1F5E-8BC4-F0C3-AB73C337C3F7</generatorID>
<ownerDesignName>projekat2</ownerDesignName>
<useDomainConstraints>false</useDomainConstraints>
<use>1</use>
<logicalDatatype>LOGDT011</logicalDatatype>
<ownDataTypeParameters>,,</ownDataTypeParameters>
<autoIncrementCycle>false</autoIncrementCycle>
</Column>
<Column name="NazD" id="1D202D3D-C1CF-A972-9C21-4EF75148FF99">
<createdBy>Veljko</createdBy>
<createdTime>2024-01-15 16:16:55 UTC</createdTime>
<generatorID>F3A3BD0B-8D43-ADBC-7D4C-E269CBED37E9</generatorID>
<ownerDesignName>projekat2</ownerDesignName>
<useDomainConstraints>false</useDomainConstraints>
<use>1</use>
<logicalDatatype>LOGDT024</logicalDatatype>
<dataTypeSize>30 CHAR</dataTypeSize>
<ownDataTypeParameters>30 CHAR,,</ownDataTypeParameters>
<autoIncrementCycle>false</autoIncrementCycle>
</Column>
</columns>
<indexes itemClass="oracle.dbtools.crest.model.design.relational.Index">
<ind_PK_UK id="47CD4F68-8B06-43CB-5E75-73D7BABA4CEE" name="Drzava_PK">
<createdBy>Veljko</createdBy>
<createdTime>2024-01-15 16:16:55 UTC</createdTime>
<generatorID>CAB2C682-8B88-795D-CA28-19CCAA8AA963</generatorID>
<ownerDesignName>projekat2</ownerDesignName>
<pk>true</pk>
<indexState>Primary Constraint</indexState>
<isSurrogateKey>false</isSurrogateKey>
<indexColumnUsage>
<colUsage columnID="BF427F5A-9346-FDE5-EAEC-CB166AD08386"/>
</indexColumnUsage>
</ind_PK_UK>
</indexes>
</Table>