<?xml version = '1.0' encoding = 'UTF-8'?>
<Table class="oracle.dbtools.crest.model.design.relational.Table" directorySegmentName="seg_0" id="A24985E2-F410-6DCC-02BC-5E642A8D6D99" name="Adresa">
<createdBy>Veljko</createdBy>
<createdTime>2024-01-15 16:16:55 UTC</createdTime>
<generatorID>1CF293F9-F127-A58A-C995-7449E5CBFC2E</generatorID>
<ownerDesignName>projekat2</ownerDesignName>
<allowColumnReorder>false</allowColumnReorder>
<existDependencyGenerateInDDl>true</existDependencyGenerateInDDl>
<parsed>true</parsed>
<columns itemClass="oracle.dbtools.crest.model.design.relational.Column">
<Column name="IdA" id="370332B7-20A5-01AB-F069-4F473AFAF2CB">
<createdBy>Veljko</createdBy>
<createdTime>2024-01-15 16:16:55 UTC</createdTime>
<generatorID>12A20DC2-3215-62F5-B73E-1D1D8418FC94</generatorID>
<ownerDesignName>projekat2</ownerDesignName>
<useDomainConstraints>false</useDomainConstraints>
<use>1</use>
<logicalDatatype>LOGDT011</logicalDatatype>
<ownDataTypeParameters>,,</ownDataTypeParameters>
<autoIncrementCycle>false</autoIncrementCycle>
</Column>
<Column name="GradA" id="75625197-F373-4B2F-50CA-4428EE72D826">
<createdBy>Veljko</createdBy>
<createdTime>2024-01-15 16:16:55 UTC</createdTime>
<generatorID>C04A2B0A-0485-5FF1-FB06-C55D0041FB7D</generatorID>
<ownerDesignName>projekat2</ownerDesignName>
<useDomainConstraints>false</useDomainConstraints>
<use>1</use>
<logicalDatatype>LOGDT024</logicalDatatype>
<dataTypeSize>30 CHAR</dataTypeSize>
<ownDataTypeParameters>30 CHAR,,</ownDataTypeParameters>
<autoIncrementCycle>false</autoIncrementCycle>
</Column>
<Column name="UlicaA" id="7C193269-D2F7-803F-E009-23B9AC56C6FF">
<createdBy>Veljko</createdBy>
<createdTime>2024-01-15 16:16:55 UTC</createdTime>
<generatorID>87B82A92-B3E3-9DA8-633B-3497E8D9B808</generatorID>
<ownerDesignName>projekat2</ownerDesignName>
<useDomainConstraints>false</useDomainConstraints>
<use>1</use>
<logicalDatatype>LOGDT024</logicalDatatype>
<dataTypeSize>30 CHAR</dataTypeSize>
<ownDataTypeParameters>30 CHAR,,</ownDataTypeParameters>
<autoIncrementCycle>false</autoIncrementCycle>
</Column>
<Column name="BrojA" id="B42A186A-8E4C-C754-E28F-38A6D2E9AE71">
<createdBy>Veljko</createdBy>
<createdTime>2024-01-15 16:16:55 UTC</createdTime>
<generatorID>8BFD6B3E-483B-53E7-2AED-644B9E889310</generatorID>
<ownerDesignName>projekat2</ownerDesignName>
<useDomainConstraints>false</useDomainConstraints>
<use>1</use>
<logicalDatatype>LOGDT024</logicalDatatype>
<dataTypeSize>5 CHAR</dataTypeSize>
<ownDataTypeParameters>5 CHAR,,</ownDataTypeParameters>
<autoIncrementCycle>false</autoIncrementCycle>
</Column>
<Column name="IdD" id="F3D5E3E2-C878-E8F0-2D40-A2CCE27C6225">
<createdBy>Veljko</createdBy>
<createdTime>2024-01-15 16:16:55 UTC</createdTime>
<generatorID>CB2A8992-12D7-C648-58EF-B35AAEB349E5</generatorID>
<ownerDesignName>projekat2</ownerDesignName>
<useDomainConstraints>false</useDomainConstraints>
<use>1</use>
<logicalDatatype>LOGDT011</logicalDatatype>
<ownDataTypeParameters>,,</ownDataTypeParameters>
<previousColumn>false</previousColumn>
<autoIncrementCycle>false</autoIncrementCycle>
<associations>
<colAssociation fkAssociation="72B9B6D7-0FD4-0F1E-3393-2455434337D8" referredColumn="BF427F5A-9346-FDE5-EAEC-CB166AD08386"/>
</associations>
</Column>
</columns>
<indexes itemClass="oracle.dbtools.crest.model.design.relational.Index">
<ind_PK_UK id="FADE3AEA-584D-7F2C-1B18-484924F9D880" name="Adresa_PK">
<createdBy>Veljko</createdBy>
<createdTime>2024-01-15 16:16:55 UTC</createdTime>
<generatorID>5493198B-8ACD-07F2-269C-91664B115E76</generatorID>
<ownerDesignName>projekat2</ownerDesignName>
<pk>true</pk>
<indexState>Primary Constraint</indexState>
<isSurrogateKey>false</isSurrogateKey>
<indexColumnUsage>
<colUsage columnID="370332B7-20A5-01AB-F069-4F473AFAF2CB"/>
<colUsage columnID="F3D5E3E2-C878-E8F0-2D40-A2CCE27C6225"/>
</indexColumnUsage>
</ind_PK_UK>
<ind_PK_UK id="5D3A6683-FC05-D9CB-249C-04AE5D17DBF9" name="Adresa_Drzava_FK">
<createdBy>Veljko</createdBy>
<createdTime>2024-01-15 16:16:55 UTC</createdTime>
<generatorID>7EA9946D-1292-165F-8AC7-B27C55EB9CE3</generatorID>
<ownerDesignName>projekat2</ownerDesignName>
<indexState>Foreign Key</indexState>
<isSurrogateKey>false</isSurrogateKey>
<indexColumnUsage>
<colUsage columnID="F3D5E3E2-C878-E8F0-2D40-A2CCE27C6225"/>
</indexColumnUsage>
</ind_PK_UK>
</indexes>
</Table>