<?xml version = '1.0' encoding = 'UTF-8'?>
<Table class="oracle.dbtools.crest.model.design.relational.Table" directorySegmentName="seg_0" id="F4F31948-98E7-65BE-3254-0B82A711137C" name="Zanr">
<createdBy>Veljko</createdBy>
<createdTime>2024-01-15 16:16:55 UTC</createdTime>
<generatorID>A1290A99-3A40-3EA5-0D2F-A46E4B25F138</generatorID>
<ownerDesignName>projekat2</ownerDesignName>
<allowColumnReorder>false</allowColumnReorder>
<existDependencyGenerateInDDl>true</existDependencyGenerateInDDl>
<parsed>true</parsed>
<columns itemClass="oracle.dbtools.crest.model.design.relational.Column">
<Column name="IdZ" id="946C0A25-DBDF-1CB5-62F5-A342A31BC0E3">
<createdBy>Veljko</createdBy>
<createdTime>2024-01-15 16:16:55 UTC</createdTime>
<generatorID>BDAB9126-9B08-143B-2461-8E6A59B0E4FD</generatorID>
<ownerDesignName>projekat2</ownerDesignName>
<useDomainConstraints>false</useDomainConstraints>
<use>1</use>
<logicalDatatype>LOGDT011</logicalDatatype>
<ownDataTypeParameters>,,</ownDataTypeParameters>
<autoIncrementCycle>false</autoIncrementCycle>
</Column>
<Column name="NazZ" id="70025F89-12B1-D2F3-F309-6577C60886AC">
<createdBy>Veljko</createdBy>
<createdTime>2024-01-15 16:16:55 UTC</createdTime>
<generatorID>40A90A8C-4658-B2ED-3291-7B6CD1214124</generatorID>
<ownerDesignName>projekat2</ownerDesignName>
<useDomainConstraints>false</useDomainConstraints>
<use>1</use>
<logicalDatatype>LOGDT024</logicalDatatype>
<dataTypeSize>30 CHAR</dataTypeSize>
<ownDataTypeParameters>30 CHAR,,</ownDataTypeParameters>
<autoIncrementCycle>false</autoIncrementCycle>
</Column>
</columns>
<indexes itemClass="oracle.dbtools.crest.model.design.relational.Index">
<ind_PK_UK id="2C3CF4A4-FA6C-0C8E-2908-FBD4E1F5775F" name="Zanr_PK">
<createdBy>Veljko</createdBy>
<createdTime>2024-01-15 16:16:55 UTC</createdTime>
<generatorID>1D9EA35E-B8D1-8C24-37E8-1AA4CAEE09B6</generatorID>
<ownerDesignName>projekat2</ownerDesignName>
<pk>true</pk>
<indexState>Primary Constraint</indexState>
<isSurrogateKey>false</isSurrogateKey>
<indexColumnUsage>
<colUsage columnID="946C0A25-DBDF-1CB5-62F5-A342A31BC0E3"/>
</indexColumnUsage>
</ind_PK_UK>
</indexes>
</Table>