<?xml version = '1.0' encoding = 'UTF-8'?>
<Table class="oracle.dbtools.crest.model.design.relational.Table" directorySegmentName="seg_0" id="2F0DC497-74DE-7E48-319C-F1F4F9E82BFE" name="Projektor">
<createdBy>Marko</createdBy>
<createdTime>2024-01-15 17:21:18 UTC</createdTime>
<generatorID>5C658202-87FC-504E-2421-D12DAC60ECB9</generatorID>
<ownerDesignName>DataModel</ownerDesignName>
<allowColumnReorder>false</allowColumnReorder>
<existDependencyGenerateInDDl>true</existDependencyGenerateInDDl>
<parsed>true</parsed>
<columns itemClass="oracle.dbtools.crest.model.design.relational.Column">
<Column name="IdProj" id="546D3448-51B2-8F41-495F-F91398239BD9">
<createdBy>Marko</createdBy>
<createdTime>2024-01-15 17:21:18 UTC</createdTime>
<generatorID>DD0B7EEE-D355-0674-57CF-0D7BE7DBD80D</generatorID>
<ownerDesignName>DataModel</ownerDesignName>
<useDomainConstraints>false</useDomainConstraints>
<use>1</use>
<logicalDatatype>LOGDT011</logicalDatatype>
<ownDataTypeParameters>,,</ownDataTypeParameters>
<autoIncrementCycle>false</autoIncrementCycle>
</Column>
<Column name="RezProj" id="B1272658-2A4E-1EFA-3BA0-4A803DC7B419">
<createdBy>Marko</createdBy>
<createdTime>2024-01-15 17:21:18 UTC</createdTime>
<generatorID>51858D2B-A257-A44F-EAD8-247A4CC6F3F3</generatorID>
<ownerDesignName>DataModel</ownerDesignName>
<nullsAllowed>true</nullsAllowed>
<useDomainConstraints>false</useDomainConstraints>
<use>1</use>
<logicalDatatype>LOGDT021</logicalDatatype>
<ownDataTypeParameters>,,</ownDataTypeParameters>
<autoIncrementCycle>false</autoIncrementCycle>
</Column>
<Column name="TipSocProj" id="9D2122C9-1A0C-18A7-6808-61505A1D2075">
<createdBy>Marko</createdBy>
<createdTime>2024-01-15 17:21:18 UTC</createdTime>
<generatorID>A94A0EC8-DA91-1CB8-F959-FA95050421FA</generatorID>
<ownerDesignName>DataModel</ownerDesignName>
<nullsAllowed>true</nullsAllowed>
<useDomainConstraints>false</useDomainConstraints>
<use>1</use>
<logicalDatatype>LOGDT011</logicalDatatype>
<ownDataTypeParameters>,,</ownDataTypeParameters>
<autoIncrementCycle>false</autoIncrementCycle>
</Column>
<Column name="IdS" id="81C3D969-905B-C1F2-2027-2874E5B162FB">
<createdBy>Marko</createdBy>
<createdTime>2024-01-15 17:21:18 UTC</createdTime>
<generatorID>4B8DC665-02A5-D9FE-A254-786D8CB774A9</generatorID>
<ownerDesignName>DataModel</ownerDesignName>
<nullsAllowed>true</nullsAllowed>
<useDomainConstraints>false</useDomainConstraints>
<use>1</use>
<logicalDatatype>LOGDT011</logicalDatatype>
<ownDataTypeParameters>,,</ownDataTypeParameters>
<previousColumn>false</previousColumn>
<autoIncrementCycle>false</autoIncrementCycle>
<associations>
<colAssociation fkAssociation="04B9767C-3740-7F7C-959F-977E46B5BC5C" referredColumn="C3327860-406C-BDF3-FAC8-7B9CFF1F11E4"/>
</associations>
</Column>
</columns>
<indexes itemClass="oracle.dbtools.crest.model.design.relational.Index">
<ind_PK_UK id="F3EF8DE2-4DE7-1765-6F03-65670ED1361C" name="Projektor_PK">
<createdBy>Marko</createdBy>
<createdTime>2024-01-15 17:21:18 UTC</createdTime>
<generatorID>0669A957-1945-C1C3-D339-F33CF51B83B4</generatorID>
<ownerDesignName>DataModel</ownerDesignName>
<pk>true</pk>
<indexState>Primary Constraint</indexState>
<isSurrogateKey>false</isSurrogateKey>
<indexColumnUsage>
<colUsage columnID="546D3448-51B2-8F41-495F-F91398239BD9"/>
</indexColumnUsage>
</ind_PK_UK>
<ind_PK_UK id="0645AB69-48C9-11B8-BAE8-8DFD81AC64F1" name="Projektor_Sala_FK">
<createdBy>Marko</createdBy>
<createdTime>2024-01-15 17:21:18 UTC</createdTime>
<generatorID>085F10D6-D5C2-5E94-8315-62C2BFADF1DB</generatorID>
<ownerDesignName>DataModel</ownerDesignName>
<indexState>Foreign Key</indexState>
<isSurrogateKey>false</isSurrogateKey>
<indexColumnUsage>
<colUsage columnID="81C3D969-905B-C1F2-2027-2874E5B162FB"/>
</indexColumnUsage>
</ind_PK_UK>
</indexes>
</Table>