<?xml version = '1.0' encoding = 'UTF-8'?>
<Table class="oracle.dbtools.crest.model.design.relational.Table" directorySegmentName="seg_0" id="45220AAD-CDED-D8DA-AD05-85A06DA438B5" name="TehnickoOsoblje">
<createdBy>Marko</createdBy>
<createdTime>2024-01-15 17:21:18 UTC</createdTime>
<generatorID>2093A50A-9E06-9333-4DF4-49488E378E37</generatorID>
<ownerDesignName>DataModel</ownerDesignName>
<allowColumnReorder>false</allowColumnReorder>
<existDependencyGenerateInDDl>true</existDependencyGenerateInDDl>
<parsed>true</parsed>
<columns itemClass="oracle.dbtools.crest.model.design.relational.Column">
<Column name="IdZap" id="856BD3FC-EC94-803A-2E09-5866741AD641">
<createdBy>Marko</createdBy>
<createdTime>2024-01-15 17:21:18 UTC</createdTime>
<generatorID>0F4BF644-3514-A6F6-EA49-97FC5A0EE559</generatorID>
<ownerDesignName>DataModel</ownerDesignName>
<useDomainConstraints>false</useDomainConstraints>
<use>1</use>
<logicalDatatype>LOGDT011</logicalDatatype>
<ownDataTypeParameters>,,</ownDataTypeParameters>
<autoIncrementCycle>false</autoIncrementCycle>
<associations>
<colAssociation fkAssociation="E18CF4D0-2137-01ED-3FAA-569DC66AED5F" referredColumn="EAE7434C-39CA-86E6-AA93-2819016343A5"/>
</associations>
</Column>
</columns>
<indexes itemClass="oracle.dbtools.crest.model.design.relational.Index">
<ind_PK_UK id="B2A058E5-658B-8EB6-8F1B-DB22A7B21395" name="TehnickoOsoblje_PK">
<createdBy>Marko</createdBy>
<createdTime>2024-01-15 17:21:18 UTC</createdTime>
<generatorID>C818A3B9-C3F2-0577-914B-507F181EBBE6</generatorID>
<ownerDesignName>DataModel</ownerDesignName>
<pk>true</pk>
<indexState>Primary Constraint</indexState>
<isSurrogateKey>false</isSurrogateKey>
<indexColumnUsage>
<colUsage columnID="856BD3FC-EC94-803A-2E09-5866741AD641"/>
</indexColumnUsage>
</ind_PK_UK>
<ind_PK_UK id="452D2AB1-42ED-F3B7-B985-51E21FFA0FFA" name="TehnickoOsoblje_Zaposleni_FK">
<createdBy>Marko</createdBy>
<createdTime>2024-01-15 17:21:18 UTC</createdTime>
<generatorID>929FDB03-61E5-A921-70C7-BEADC8D3AF5F</generatorID>
<ownerDesignName>DataModel</ownerDesignName>
<indexState>Foreign Key</indexState>
<isSurrogateKey>false</isSurrogateKey>
<indexColumnUsage>
<colUsage columnID="856BD3FC-EC94-803A-2E09-5866741AD641"/>
</indexColumnUsage>
</ind_PK_UK>
</indexes>
</Table>