<?xml version = '1.0' encoding = 'UTF-8'?>
<Table class="oracle.dbtools.crest.model.design.relational.Table" directorySegmentName="seg_0" id="B05FCAF4-5ED4-ADCF-02A8-61382456C388" name="GodisnjiOdmor">
<createdBy>Marko</createdBy>
<createdTime>2024-01-15 17:21:18 UTC</createdTime>
<generatorID>DA2B6B3E-C7FD-BBB5-A546-62DA0C4F6C91</generatorID>
<ownerDesignName>DataModel</ownerDesignName>
<allowColumnReorder>false</allowColumnReorder>
<existDependencyGenerateInDDl>true</existDependencyGenerateInDDl>
<parsed>true</parsed>
<columns itemClass="oracle.dbtools.crest.model.design.relational.Column">
<Column name="IdGodOdmr" id="38981CDC-E57C-3E4C-3F3D-769BD2167AFD">
<createdBy>Marko</createdBy>
<createdTime>2024-01-15 17:21:18 UTC</createdTime>
<generatorID>D2B19A5A-0A93-F93D-9302-3412A0951FA2</generatorID>
<ownerDesignName>DataModel</ownerDesignName>
<useDomainConstraints>false</useDomainConstraints>
<use>1</use>
<logicalDatatype>LOGDT011</logicalDatatype>
<ownDataTypeParameters>,,</ownDataTypeParameters>
<autoIncrementCycle>false</autoIncrementCycle>
</Column>
<Column name="DatGodOdmr" id="93B13388-022F-CC66-6119-BD26BBB90484">
<createdBy>Marko</createdBy>
<createdTime>2024-01-15 17:21:18 UTC</createdTime>
<generatorID>1030DAC9-A7DA-CF05-6D5A-5F999486BF5E</generatorID>
<ownerDesignName>DataModel</ownerDesignName>
<useDomainConstraints>false</useDomainConstraints>
<use>1</use>
<logicalDatatype>LOGDT007</logicalDatatype>
<ownDataTypeParameters>,,</ownDataTypeParameters>
<autoIncrementCycle>false</autoIncrementCycle>
</Column>
<Column name="IdZap" id="643A45E4-78F5-430F-4538-1FA11663C45C">
<createdBy>Marko</createdBy>
<createdTime>2024-01-15 17:21:18 UTC</createdTime>
<generatorID>3AD7EF05-B037-06F3-F79D-7448112C0312</generatorID>
<ownerDesignName>DataModel</ownerDesignName>
<useDomainConstraints>false</useDomainConstraints>
<use>1</use>
<logicalDatatype>LOGDT011</logicalDatatype>
<ownDataTypeParameters>,,</ownDataTypeParameters>
<previousColumn>false</previousColumn>
<autoIncrementCycle>false</autoIncrementCycle>
<associations>
<colAssociation fkAssociation="CE1C5252-ABC5-B6CB-D7EF-E8245A4C7CC7" referredColumn="EAE7434C-39CA-86E6-AA93-2819016343A5"/>
</associations>
</Column>
</columns>
<indexes itemClass="oracle.dbtools.crest.model.design.relational.Index">
<ind_PK_UK id="98A46125-04E6-BB75-03C1-73776DEFB6FB" name="GodisnjiOdmor_PK">
<createdBy>Marko</createdBy>
<createdTime>2024-01-15 17:21:18 UTC</createdTime>
<generatorID>0FA50E85-129A-3E6A-8D81-F06BCACC5048</generatorID>
<ownerDesignName>DataModel</ownerDesignName>
<pk>true</pk>
<indexState>Primary Constraint</indexState>
<isSurrogateKey>false</isSurrogateKey>
<indexColumnUsage>
<colUsage columnID="38981CDC-E57C-3E4C-3F3D-769BD2167AFD"/>
</indexColumnUsage>
</ind_PK_UK>
<ind_PK_UK id="D63C0B98-C8D6-8441-5A5B-3B22A7519C86" name="GodisnjiOdmor_Zaposleni_FK">
<createdBy>Marko</createdBy>
<createdTime>2024-01-15 17:21:19 UTC</createdTime>
<generatorID>EBB9155B-2F8D-5D72-AF60-8DE63E3E40D2</generatorID>
<ownerDesignName>DataModel</ownerDesignName>
<indexState>Foreign Key</indexState>
<isSurrogateKey>false</isSurrogateKey>
<indexColumnUsage>
<colUsage columnID="643A45E4-78F5-430F-4538-1FA11663C45C"/>
</indexColumnUsage>
</ind_PK_UK>
</indexes>
</Table>