<?xml version = '1.0' encoding = 'UTF-8'?>
<Relation class="oracle.dbtools.crest.model.design.logical.Relation" name="OdrzavaSe" directorySegmentName="seg_0" id="1DF832A0-4113-21F7-C3FB-79FFBCFF2B47">
<createdBy>Marko</createdBy>
<createdTime>2024-01-15 16:42:57 UTC</createdTime>
<ownerDesignName>ERModel</ownerDesignName>
<engineerTo>
<item key="7BB7321E-0154-5634-A2CF-B38E26CEC921" value="true"/>
</engineerTo>
<targetPk>6952BAB5-33A3-DF23-EDC6-F3BFFF34B9B0</targetPk>
<identifying>true</identifying>
<optionalSource>false</optionalSource>
<optionalTarget>true</optionalTarget>
<sourceCardinality>*</sourceCardinality>
<sourceEntity>CB148B8C-B042-72C8-A6EE-56DB4867BEA4</sourceEntity>
<targetCardinalityString>1</targetCardinalityString>
<targetEntity>A8C60F89-C5B4-F0CA-6DAB-C93D3C832601</targetEntity>
<transferable>true</transferable>
<deleteRule>NO ACTION</deleteRule>
</Relation>