<?xml version = '1.0' encoding = 'UTF-8'?>
<Relation class="oracle.dbtools.crest.model.design.logical.Relation" name="Dobavlja" directorySegmentName="seg_0" id="2121ADCA-14C6-B4A1-C4E8-7E5865322F3B">
<createdBy>Marko</createdBy>
<createdTime>2024-01-15 17:14:04 UTC</createdTime>
<ownerDesignName>ERModel</ownerDesignName>
<engineerTo>
<item key="7BB7321E-0154-5634-A2CF-B38E26CEC921" value="true"/>
</engineerTo>
<identifying>false</identifying>
<optionalSource>false</optionalSource>
<optionalTarget>true</optionalTarget>
<sourceCardinality>*</sourceCardinality>
<sourceEntity>DE78D1C4-2EF9-81A9-DD1E-C48071D3D7AD</sourceEntity>
<targetCardinalityString>*</targetCardinalityString>
<targetEntity>734BC0D4-239F-83AB-4CE5-8268E7ED149D</targetEntity>
<transferable>true</transferable>
<deleteRule>NO ACTION</deleteRule>
</Relation>