<?xml version = '1.0' encoding = 'UTF-8'?>
<Relation class="oracle.dbtools.crest.model.design.logical.Relation" name="Prethodi" directorySegmentName="seg_0" id="2594F4E7-C925-222E-27A5-BBF906E4878C">
<createdBy>Marko</createdBy>
<createdTime>2024-01-15 16:27:29 UTC</createdTime>
<ownerDesignName>ERModel</ownerDesignName>
<engineerTo>
<item key="7BB7321E-0154-5634-A2CF-B38E26CEC921" value="true"/>
</engineerTo>
<identifying>false</identifying>
<nameOnSource>Prethodnik</nameOnSource>
<nameOnTarget>Sledbenik</nameOnTarget>
<optionalSource>true</optionalSource>
<optionalTarget>true</optionalTarget>
<sourceCardinality>*</sourceCardinality>
<sourceEntity>9670F86C-B5D0-829A-C223-BD1D714045B7</sourceEntity>
<targetCardinalityString>*</targetCardinalityString>
<targetEntity>9670F86C-B5D0-829A-C223-BD1D714045B7</targetEntity>
<transferable>true</transferable>
<deleteRule>NO ACTION</deleteRule>
</Relation>