<?xml version = '1.0' encoding = 'UTF-8'?>
<Relation class="oracle.dbtools.crest.model.design.logical.Relation" name="Prikazuje" directorySegmentName="seg_0" id="47F75295-7CEF-D6DD-DB09-FC6982A6C5FC">
<createdBy>Marko</createdBy>
<createdTime>2024-01-15 16:56:29 UTC</createdTime>
<ownerDesignName>ERModel</ownerDesignName>
<engineerTo>
<item key="7BB7321E-0154-5634-A2CF-B38E26CEC921" value="true"/>
</engineerTo>
<targetPk>87B2549D-1BBF-4A16-823D-D3F5D74C47D9</targetPk>
<identifying>false</identifying>
<optionalSource>false</optionalSource>
<optionalTarget>false</optionalTarget>
<sourceCardinality>*</sourceCardinality>
<sourceEntity>CB148B8C-B042-72C8-A6EE-56DB4867BEA4</sourceEntity>
<targetCardinalityString>1</targetCardinalityString>
<targetEntity>CD5C36D2-D6B3-6850-1079-141BD529B653</targetEntity>
<transferable>true</transferable>
<deleteRule>NO ACTION</deleteRule>
</Relation>