<?xml version = '1.0' encoding = 'UTF-8'?>
<Relation class="oracle.dbtools.crest.model.design.logical.Relation" name="OdnosiSeNa" directorySegmentName="seg_0" id="7B6915B0-C96A-5667-896A-60EB7BDE1923">
<createdBy>Marko</createdBy>
<createdTime>2024-01-15 17:00:19 UTC</createdTime>
<ownerDesignName>ERModel</ownerDesignName>
<engineerTo>
<item key="7BB7321E-0154-5634-A2CF-B38E26CEC921" value="true"/>
</engineerTo>
<targetPk>F04FF268-9C65-97B3-4854-ECD64786F7DE</targetPk>
<identifying>false</identifying>
<optionalSource>false</optionalSource>
<optionalTarget>false</optionalTarget>
<sourceCardinality>*</sourceCardinality>
<sourceEntity>99797D27-1700-642F-8C05-2B9B39DAE33D</sourceEntity>
<targetCardinalityString>1</targetCardinalityString>
<targetEntity>CB148B8C-B042-72C8-A6EE-56DB4867BEA4</targetEntity>
<transferable>true</transferable>
<deleteRule>NO ACTION</deleteRule>
</Relation>